City_ID,City,Lat,Lng,Max Temp,Humidity,Cloudiness,Wind Speed,Country,Date
0,Tuatapere,-46.1333,167.6833,44.19,93,6,4.63,NZ,2022-04-17 18:43:35
1,Hasaki,35.7333,140.8333,50.4,68,67,8.57,JP,2022-04-17 18:43:36
2,Mineiros,-17.5694,-52.5511,76.15,42,0,6.11,BR,2022-04-17 18:43:36
3,Upernavik,72.7868,-56.1549,-2.88,81,100,15.95,GL,2022-04-17 18:43:36
4,Huanren,41.2647,125.3667,48.58,49,100,2.86,CN,2022-04-17 18:43:37
5,Torbay,47.6666,-52.7314,42.76,92,100,28.77,CA,2022-04-17 18:43:37
6,Longyearbyen,78.2186,15.6401,21.04,86,75,10.36,SJ,2022-04-17 18:43:37
7,Punta Arenas,-53.15,-70.9167,46.51,87,75,5.75,CL,2022-04-17 18:43:37
8,Ushuaia,-54.8,-68.3,51.46,66,75,0.0,AR,2022-04-17 18:43:38
9,Cap Malheureux,-19.9842,57.6142,77.47,90,38,1.01,MU,2022-04-17 18:43:38
10,Georgetown,5.4112,100.3354,82.33,98,20,3.44,MY,2022-04-17 18:40:25
11,Kodiak,57.79,-152.4072,36.91,81,100,5.75,US,2022-04-17 18:41:36
12,Nikolskoye,59.7035,30.7861,38.8,77,100,3.69,RU,2022-04-17 18:43:39
13,Mataura,-46.1927,168.8643,39.22,96,0,2.3,NZ,2022-04-17 18:43:39
14,Albany,42.6001,-73.9662,45.91,52,100,4.0,US,2022-04-17 18:43:36
15,Aswan,24.0934,32.907,97.9,8,0,9.22,EG,2022-04-17 18:43:39
16,Daloa,6.8774,-6.4502,74.68,87,100,3.02,CI,2022-04-17 18:43:40
17,Ribeira Grande,38.5167,-28.7,61.2,63,20,19.57,PT,2022-04-17 18:43:40
18,Kyra,49.5776,111.9753,37.49,69,19,4.52,RU,2022-04-17 18:43:40
19,Varvoru,44.2333,23.6333,40.57,90,100,4.03,RO,2022-04-17 18:43:41
20,Bambous Virieux,-20.3428,57.7575,77.25,100,40,3.44,MU,2022-04-17 18:43:41
21,Hambantota,6.1241,81.1185,77.34,100,20,1.14,LK,2022-04-17 18:43:41
22,Okhotsk,59.3833,143.3,15.21,93,97,6.42,RU,2022-04-17 18:43:41
23,Akyab,20.15,92.9,81.72,84,6,3.87,MM,2022-04-17 18:43:42
24,Hobart,-42.8794,147.3294,58.01,83,100,17.27,AU,2022-04-17 18:43:42
25,Busselton,-33.65,115.3333,57.2,66,85,1.25,AU,2022-04-17 18:43:42
26,General Cepeda,25.3833,-101.45,90.07,13,8,12.21,MX,2022-04-17 18:43:43
27,Kysyl-Syr,63.8986,122.7617,27.57,86,100,14.56,RU,2022-04-17 18:43:43
28,Korla,41.7597,86.1469,57.0,14,6,4.21,CN,2022-04-17 18:43:43
29,Cabra,37.4725,-4.4421,69.75,47,100,2.82,ES,2022-04-17 18:43:44
30,Jardim De Piranhas,-6.3786,-37.3519,88.7,49,88,13.62,BR,2022-04-17 18:43:44
31,Norman Wells,65.282,-126.8329,10.44,52,20,4.61,CA,2022-04-17 18:43:44
32,Arraial Do Cabo,-22.9661,-42.0278,75.16,69,75,11.5,BR,2022-04-17 18:43:45
33,Pevek,69.7008,170.3133,-2.74,98,33,3.22,RU,2022-04-17 18:43:45
34,Haines Junction,60.7522,-137.5108,28.35,40,50,2.3,CA,2022-04-17 18:43:45
35,Nanortalik,60.1432,-45.2371,31.44,76,87,9.57,GL,2022-04-17 18:43:46
36,Yerbogachen,61.2767,108.0108,39.06,91,100,13.4,RU,2022-04-17 18:43:46
37,Atuona,-9.8,-139.0333,79.57,80,18,18.19,PF,2022-04-17 18:43:46
38,Faanui,-16.4833,-151.75,81.5,71,18,12.46,PF,2022-04-17 18:43:46
39,Bowen,-20.0167,148.2333,69.53,87,5,9.6,AU,2022-04-17 18:40:36
40,Bichura,50.5881,107.6022,44.46,44,55,5.91,RU,2022-04-17 18:43:47
41,Bethel,41.3712,-73.414,48.56,44,100,16.11,US,2022-04-17 18:43:47
42,Rikitea,-23.1203,-134.9692,78.21,70,0,12.88,PF,2022-04-17 18:43:47
43,Fortuna,40.5982,-124.1573,54.93,71,0,5.99,US,2022-04-17 18:43:48
44,Bluff,-46.6,168.3333,46.62,85,6,7.0,NZ,2022-04-17 18:43:48
45,Kamakwie,9.5,-12.2333,94.42,28,19,10.22,SL,2022-04-17 18:43:48
46,Avarua,-21.2078,-159.775,80.65,78,51,2.3,CK,2022-04-17 18:44:49
47,Alta Floresta,-9.8756,-56.0861,87.62,66,40,2.3,BR,2022-04-17 18:44:49
48,Castro,-24.7911,-50.0119,66.85,52,0,2.04,BR,2022-04-17 18:44:49
49,Phan Thiet,10.9333,108.1,77.9,86,14,8.57,VN,2022-04-17 18:44:50
50,Hithadhoo,-0.6,73.0833,82.78,75,16,7.4,MV,2022-04-17 18:44:50
51,Kapaa,22.0752,-159.319,75.52,89,20,17.27,US,2022-04-17 18:44:50
52,Cape Town,-33.9258,18.4232,62.89,84,0,15.01,ZA,2022-04-17 18:42:02
53,Goderich,43.7501,-81.7165,37.9,69,44,14.97,CA,2022-04-17 18:41:35
54,Puerto Ayora,-0.7393,-90.3518,78.76,86,71,10.09,EC,2022-04-17 18:44:51
55,Jamestown,42.097,-79.2353,42.03,44,75,9.22,US,2022-04-17 18:44:51
56,Port Alfred,-33.5906,26.891,65.52,81,74,3.4,ZA,2022-04-17 18:44:51
57,Tura,25.5198,90.2201,71.94,72,0,9.89,IN,2022-04-17 18:44:52
58,Novopokrovskaya,45.9514,40.7006,57.69,63,100,11.01,RU,2022-04-17 18:44:52
59,Vaini,-21.2,-175.2,75.36,100,75,2.3,TO,2022-04-17 18:44:52
60,Anchorage,61.2181,-149.9003,40.93,71,100,5.01,US,2022-04-17 18:44:14
61,Sao Felix Do Xingu,-6.6447,-51.995,79.93,92,99,1.41,BR,2022-04-17 18:44:53
62,Hilo,19.7297,-155.09,77.29,95,100,8.05,US,2022-04-17 18:41:30
63,Vila Franca Do Campo,37.7167,-25.4333,63.01,79,69,11.14,PT,2022-04-17 18:40:22
64,Airai,-8.9266,125.4092,60.26,89,100,1.61,TL,2022-04-17 18:44:53
65,Morondava,-20.2833,44.2833,81.48,82,0,5.32,MG,2022-04-17 18:44:53
66,Acapulco,16.8634,-99.8901,84.02,70,0,13.8,MX,2022-04-17 18:44:54
67,Chokurdakh,70.6333,147.9167,-8.82,100,91,3.96,RU,2022-04-17 18:44:54
68,Strezhevoy,60.7333,77.5889,16.41,97,15,4.7,RU,2022-04-17 18:41:29
69,Bonavista,48.6499,-53.1147,37.54,91,90,24.92,CA,2022-04-17 18:44:55
70,Lata,40.1629,-8.3327,58.87,82,96,4.25,PT,2022-04-17 18:44:55
71,Lesosibirsk,58.2358,92.4828,41.29,90,100,5.61,RU,2022-04-17 18:44:55
72,San Policarpo,12.1791,125.5072,81.18,71,91,11.81,PH,2022-04-17 18:44:55
73,Itarema,-2.9248,-39.9167,82.89,77,86,8.79,BR,2022-04-17 18:44:56
74,Mar Del Plata,-38.0023,-57.5575,68.02,83,20,8.99,AR,2022-04-17 18:44:56
75,Lake Havasu City,34.4839,-114.3224,84.99,16,0,6.91,US,2022-04-17 18:44:57
76,Ibia,-19.4783,-46.5389,76.46,70,93,5.77,BR,2022-04-17 18:44:57
77,Butaritari,3.0707,172.7902,81.25,74,19,11.92,KI,2022-04-17 18:44:57
78,Bredy,52.4153,60.3411,46.63,67,100,5.84,RU,2022-04-17 18:44:57
79,Asau,46.4333,26.4,38.32,81,28,6.13,RO,2022-04-17 18:40:13
80,Kavaratti,10.5669,72.642,84.2,72,13,4.68,IN,2022-04-17 18:44:58
81,Najran,17.4924,44.1277,84.85,26,98,4.03,SA,2022-04-17 18:44:58
82,Bam,29.106,58.357,74.23,29,36,9.22,IR,2022-04-17 18:44:58
83,East London,-33.0153,27.9116,63.54,94,0,3.44,ZA,2022-04-17 18:44:59
84,Tias,28.9611,-13.645,74.88,47,100,14.97,ES,2022-04-17 18:44:59
85,San Carlos De Bariloche,-41.1456,-71.3082,60.55,48,75,3.44,AR,2022-04-17 18:44:59
86,San Cristobal,7.7669,-72.225,69.98,91,100,4.03,VE,2022-04-17 18:44:56
87,Mirabad,30.4362,61.8383,77.43,34,7,19.06,AF,2022-04-17 18:45:00
88,Ancud,-41.8697,-73.8203,61.23,71,100,5.44,CL,2022-04-17 18:45:00
89,Saint George,37.1041,-113.5841,76.62,19,0,3.44,US,2022-04-17 18:45:01
90,Amahai,-3.3333,128.9167,78.13,84,97,5.28,ID,2022-04-17 18:46:01
91,Georgiyevskoye,58.731,45.024,25.95,92,7,1.45,RU,2022-04-17 18:46:01
92,Tuktoyaktuk,69.4541,-133.0374,8.6,66,75,8.05,CA,2022-04-17 18:45:56
93,Mount Isa,-20.7333,139.5,62.37,55,5,0.0,AU,2022-04-17 18:46:02
94,Chuy,-33.6971,-53.4616,68.95,56,100,9.84,UY,2022-04-17 18:46:02
95,Kapit,2.0167,112.9333,73.56,99,100,0.27,MY,2022-04-17 18:46:03
96,Balabac,7.9868,117.0645,81.05,80,73,9.84,PH,2022-04-17 18:46:03
97,Macusani,-14.0833,-70.4333,55.29,26,1,3.02,PE,2022-04-17 18:46:03
98,Half Moon Bay,37.4636,-122.4286,64.54,62,0,12.66,US,2022-04-17 18:45:20
99,Kampot,10.6167,104.1833,80.65,76,98,2.95,KH,2022-04-17 18:46:04
100,Ketchikan,55.3422,-131.6461,46.38,61,20,11.5,US,2022-04-17 18:46:04
101,Altus,34.6381,-99.334,67.86,36,0,13.8,US,2022-04-17 18:41:41
102,Torbat-E Jam,35.244,60.6225,55.15,69,100,14.07,IR,2022-04-17 18:46:04
103,Adrar,20.5022,-10.0711,86.49,10,7,10.27,MR,2022-04-17 18:46:05
104,Moctezuma,29.8,-109.6667,89.26,7,19,4.38,MX,2022-04-17 18:46:05
105,Sitka,57.0531,-135.33,44.49,53,40,3.44,US,2022-04-17 18:46:05
106,Tasiilaq,65.6145,-37.6368,33.96,98,100,10.31,GL,2022-04-17 18:45:09
107,De Aar,-30.6497,24.0123,62.31,51,5,3.44,ZA,2022-04-17 18:45:02
108,Sao Jose Da Coroa Grande,-8.8978,-35.1478,81.75,77,37,8.19,BR,2022-04-17 18:46:06
109,Kuruman,-27.4524,23.4325,61.23,66,4,4.94,ZA,2022-04-17 18:46:06
110,Tromso,69.6496,18.957,42.82,81,75,14.97,NO,2022-04-17 18:46:06
111,Talcahuano,-36.7167,-73.1167,57.34,82,98,8.99,CL,2022-04-17 18:46:07
112,Hermanus,-34.4187,19.2345,61.81,82,5,11.86,ZA,2022-04-17 18:46:07
113,Olafsvik,64.8945,-23.7142,41.95,66,94,12.3,IS,2022-04-17 18:46:07
114,Shizunai,42.3339,142.3669,40.8,92,14,5.93,JP,2022-04-17 18:45:22
115,Bredasdorp,-34.5322,20.0403,59.31,94,38,5.48,ZA,2022-04-17 18:46:08
116,Jurmala,56.968,23.7704,37.42,65,0,4.61,LV,2022-04-17 18:46:08
117,Ashland,40.8167,-82.2665,44.98,49,6,7.85,US,2022-04-17 18:45:20
118,Naze,28.3667,129.4833,56.32,61,97,5.1,JP,2022-04-17 18:46:09
119,Sorland,67.667,12.6934,42.66,84,100,15.48,NO,2022-04-17 18:46:09
120,Mineros,-17.1167,-63.2333,77.68,37,34,10.22,BO,2022-04-17 18:46:09
121,Columbia,34.0007,-81.0348,83.79,47,0,6.91,US,2022-04-17 18:44:32
122,Ayan,56.45,138.1667,20.41,84,74,5.41,RU,2022-04-17 18:46:10
123,Igis,46.9453,9.5722,43.63,72,100,2.77,CH,2022-04-17 18:46:10
124,Nouadhibou,20.931,-17.0347,69.78,78,40,11.5,MR,2022-04-17 18:45:20
125,Narok,-1.0783,35.8601,60.64,92,100,2.08,KE,2022-04-17 18:46:10
126,Hobyo,5.3505,48.5268,83.55,81,44,19.55,SO,2022-04-17 18:45:14
127,Tiksi,71.6872,128.8694,-9.72,99,75,1.7,RU,2022-04-17 18:43:57
128,Iberia,29.9502,-91.7507,83.05,69,100,13.8,US,2022-04-17 18:46:11
129,Cidreira,-30.1811,-50.2056,70.03,59,100,8.43,BR,2022-04-17 18:46:11
130,Erenhot,43.6475,111.9767,44.74,29,0,6.62,CN,2022-04-17 18:46:11
131,Labuhan,-6.8844,112.2051,80.11,84,90,2.19,ID,2022-04-17 18:46:12
132,Hovd,48.0056,91.6419,44.2,27,0,4.76,MN,2022-04-17 18:46:12
133,Touros,-5.1989,-35.4608,84.07,66,95,9.64,BR,2022-04-17 18:46:12
134,Namibe,-15.1961,12.1522,76.05,69,29,4.7,AO,2022-04-17 18:46:13
135,Almaznyy,48.0448,40.045,55.17,64,100,3.09,RU,2022-04-17 18:46:13
136,Khatanga,71.9667,102.5,6.91,96,96,11.65,RU,2022-04-17 18:46:13
137,Clyde River,70.4692,-68.5914,-9.17,84,75,11.5,CA,2022-04-17 18:47:14
138,Newton,42.337,-71.2092,49.05,54,100,16.11,US,2022-04-17 18:43:09
139,Port Macquarie,-31.4333,152.9167,58.89,92,16,4.23,AU,2022-04-17 18:47:14
140,Isangel,-19.55,169.2667,79.18,82,100,2.91,VU,2022-04-17 18:46:57
141,Provideniya,64.3833,-173.3,30.27,96,100,15.66,RU,2022-04-17 18:46:34
142,Sidi Ali,36.0998,0.4206,60.8,72,0,3.56,DZ,2022-04-17 18:47:14
143,Hamilton,39.1834,-84.5333,51.89,45,0,11.5,US,2022-04-17 18:46:59
144,Colwyn Bay,53.2948,-3.7267,57.9,62,100,10.0,GB,2022-04-17 18:47:15
145,Visby,57.6409,18.296,39.42,70,0,2.3,SE,2022-04-17 18:47:15
146,Geraldton,-28.7667,114.6,54.01,82,0,8.05,AU,2022-04-17 18:46:19
147,Marsaxlokk,35.8419,14.5431,58.08,77,20,13.8,MT,2022-04-17 18:47:16
148,Tessalit,20.1986,1.0114,79.66,18,0,8.86,ML,2022-04-17 18:47:16
149,Qaanaaq,77.484,-69.3632,-11.15,76,6,1.14,GL,2022-04-17 18:46:28
150,Aipe,3.2222,-75.2367,90.39,63,99,1.41,CO,2022-04-17 18:47:16
151,Jampur,29.6441,70.5954,88.68,16,70,8.12,PK,2022-04-17 18:47:17
152,Barrow,71.2906,-156.7887,-5.78,84,0,8.05,US,2022-04-17 18:47:17
153,Constitucion,-35.3333,-72.4167,61.68,69,41,5.46,CL,2022-04-17 18:47:17
154,Russkaya Polyana,49.417,31.9201,37.31,80,100,6.8,UA,2022-04-17 18:47:18
155,Saskylakh,71.9167,114.0833,27.05,96,100,16.06,RU,2022-04-17 18:47:18
156,Lagoa,39.05,-27.9833,57.31,68,16,14.7,PT,2022-04-17 18:47:19
157,Severo-Kurilsk,50.6789,156.125,28.74,80,73,9.55,RU,2022-04-17 18:47:19
158,Bara,10.3744,10.7288,86.88,45,100,5.03,NG,2022-04-17 18:47:19
159,Saint-Philippe,-21.3585,55.7679,76.59,89,67,12.17,RE,2022-04-17 18:47:19
160,Kidal,18.4411,1.4078,83.39,12,100,8.37,ML,2022-04-17 18:47:20
161,Khandyga,62.6667,135.6,5.41,98,99,3.53,RU,2022-04-17 18:47:20
162,Santa Cruz Del Sur,20.7147,-77.9956,81.82,60,0,8.48,CU,2022-04-17 18:47:20
163,Machachi,-0.5,-78.5667,65.7,95,100,3.42,EC,2022-04-17 18:47:21
164,Coihaique,-45.5752,-72.0662,56.01,71,0,3.44,CL,2022-04-17 18:46:26
165,Nhamunda,-2.1861,-56.7131,84.61,73,100,1.97,BR,2022-04-17 18:47:21
166,Carnarvon,-24.8667,113.6333,68.07,83,100,12.66,AU,2022-04-17 18:47:22
167,El Carmen,8.5106,-73.4478,77.22,73,100,0.74,CO,2022-04-17 18:47:22
168,Inhambane,-23.865,35.3833,73.15,91,100,7.45,MZ,2022-04-17 18:47:22
169,Saldanha,-33.0117,17.9442,62.65,85,0,10.89,ZA,2022-04-17 18:47:22
170,Ilulissat,69.2167,-51.1,19.42,63,75,5.75,GL,2022-04-17 18:47:23
171,Mackenzie,55.2999,-123.1698,34.02,55,0,3.44,CA,2022-04-17 18:47:23
172,Seoul,37.5683,126.9778,49.6,71,75,8.05,KR,2022-04-17 18:47:23
173,Awjilah,29.1081,21.2869,69.35,51,56,18.12,LY,2022-04-17 18:47:24
174,Kalemie,-5.9475,29.1947,72.14,83,7,1.43,CD,2022-04-17 18:47:24
175,Necochea,-38.5473,-58.7368,69.28,53,53,8.12,AR,2022-04-17 18:47:24
176,Praya,14.9215,-23.5087,77.54,61,20,17.27,CV,2022-04-17 18:47:25
177,Westport,41.1415,-73.3579,51.57,40,40,20.71,US,2022-04-17 18:47:25
178,Winneba,5.3511,-0.6231,81.23,82,100,14.85,GH,2022-04-17 18:47:25
179,Aksu,41.1231,80.2644,59.02,15,43,7.07,CN,2022-04-17 18:47:26
180,Basoko,1.2391,23.616,78.33,71,13,3.67,CD,2022-04-17 18:47:26
181,Yuci,37.6803,112.7319,49.75,53,20,4.47,CN,2022-04-17 18:48:26
182,Fougamou,-1.2154,10.5838,75.63,97,100,3.11,GA,2022-04-17 18:48:27
183,Dalbandin,28.8947,64.4101,82.6,22,58,21.72,PK,2022-04-17 18:48:27
184,Jalu,29.0331,21.5482,70.81,46,90,17.78,LY,2022-04-17 18:46:25
185,Victoria,22.2855,114.1577,72.18,79,100,5.99,HK,2022-04-17 18:44:53
186,Katsuura,35.1333,140.3,58.93,72,91,7.05,JP,2022-04-17 18:48:27
187,Kulhudhuffushi,6.6221,73.07,84.47,73,100,8.97,MV,2022-04-17 18:48:28
188,Oistins,13.0667,-59.5333,84.29,61,75,21.85,BB,2022-04-17 18:46:51
189,Aksarka,66.5606,67.7975,7.54,89,47,7.63,RU,2022-04-17 18:48:28
190,Tonneins,44.3921,0.3124,66.42,62,100,10.22,FR,2022-04-17 18:48:28
191,Arlit,18.7369,7.3853,82.38,10,100,3.42,NE,2022-04-17 18:48:29
192,Emerald,-23.5333,148.1667,60.94,77,0,3.44,AU,2022-04-17 18:48:29
193,Dikson,73.5069,80.5464,-3.71,100,62,7.0,RU,2022-04-17 18:48:29
194,Ruteng,-8.6136,120.4721,63.59,92,100,1.3,ID,2022-04-17 18:48:29
195,Vao,-22.6667,167.4833,77.16,68,11,3.47,NC,2022-04-17 18:48:30
196,Lasa,46.6166,10.7002,54.48,84,37,5.82,IT,2022-04-17 18:48:30
197,Lebu,-37.6167,-73.65,58.55,77,100,10.07,CL,2022-04-17 18:46:14
198,Coquimbo,-29.9533,-71.3436,62.15,74,4,11.1,CL,2022-04-17 18:46:38
199,Puerto Escondido,15.85,-97.0667,88.81,55,50,11.27,MX,2022-04-17 18:48:31
200,Salekhard,66.53,66.6019,6.46,92,80,5.44,RU,2022-04-17 18:48:31
201,Yelabuga,55.7613,52.0649,33.35,99,100,11.86,RU,2022-04-17 18:48:31
202,Kenora,49.8167,-94.4337,29.37,64,100,4.61,CA,2022-04-17 18:48:32
203,Nieuw Amsterdam,5.8833,-55.0833,89.76,71,75,11.5,SR,2022-04-17 18:48:32
204,Nakonde,-9.3421,32.745,59.58,96,9,5.93,ZM,2022-04-17 18:48:32
205,Bubaque,11.2833,-15.8333,75.38,77,31,21.39,GW,2022-04-17 18:48:32
206,Beloha,-25.1667,45.05,73.69,85,51,13.22,MG,2022-04-17 18:48:33
207,Green River,41.5286,-109.4662,46.98,39,94,14.0,US,2022-04-17 18:48:33
208,Takoradi,4.8845,-1.7554,79.63,85,99,12.15,GH,2022-04-17 18:48:33
209,Noyabrsk,63.1994,75.4507,10.33,95,61,4.88,RU,2022-04-17 18:44:03
210,Klaksvik,62.2266,-6.589,49.12,94,100,11.68,FO,2022-04-17 18:48:34
211,Bintulu,3.1667,113.0333,77.41,100,20,1.14,MY,2022-04-17 18:48:34
212,Tambacounda,13.7539,-13.7586,107.65,13,0,2.3,SN,2022-04-17 18:48:34
213,Kafue,-15.7691,28.1814,64.71,91,9,4.05,ZM,2022-04-17 18:48:35
214,Ewa Beach,21.3156,-158.0072,78.75,70,0,12.66,US,2022-04-17 18:48:35
215,Tofield,53.3668,-112.6686,35.28,52,100,4.7,CA,2022-04-17 18:48:35
216,Ocampo,21.65,-101.5,84.11,9,40,10.51,MX,2022-04-17 18:47:41
217,Thompson,55.7435,-97.8558,30.36,37,40,4.61,CA,2022-04-17 18:46:20
218,Salalah,17.0151,54.0924,82.49,89,40,4.61,OM,2022-04-17 18:48:36
219,Gornopravdinsk,60.05,69.9,24.4,97,82,4.29,RU,2022-04-17 18:47:26
220,Gisborne,-38.6533,178.0042,58.95,79,100,9.4,NZ,2022-04-17 18:44:50
221,Rawson,-43.3002,-65.1023,66.38,56,2,25.59,AR,2022-04-17 18:48:36
222,Lahat,-3.8,103.5333,73.47,98,65,2.06,ID,2022-04-17 18:48:37
223,Yumen,40.2833,97.2,44.67,23,0,8.08,CN,2022-04-17 18:48:37
224,Mikhaylovka,50.06,43.2379,57.78,64,100,8.05,RU,2022-04-17 18:48:37
225,Heilbron,-27.2812,27.9709,52.12,95,100,5.97,ZA,2022-04-17 18:48:37
226,Livingston,55.9029,-3.5226,61.16,52,0,6.91,GB,2022-04-17 18:48:38
227,Groa,62.65,8.7167,42.21,65,100,7.92,NO,2022-04-17 18:48:38
228,Namatanai,-3.6667,152.4333,80.56,78,99,7.9,PG,2022-04-17 18:48:38
229,Kahului,20.8947,-156.47,77.02,71,20,13.8,US,2022-04-17 18:48:39
230,Kruisfontein,-34.0033,24.7314,60.89,90,0,3.65,ZA,2022-04-17 18:49:39
231,Shenzhen,22.5455,114.0683,72.07,86,100,4.12,CN,2022-04-17 18:49:39
232,Ahipara,-35.1667,173.1667,68.04,92,100,14.79,NZ,2022-04-17 18:49:40
233,Tarko-Sale,64.9225,77.785,1.49,91,23,9.17,RU,2022-04-17 18:49:40
234,Aguas Vermelhas,-15.7472,-41.46,66.99,89,100,5.32,BR,2022-04-17 18:49:40
235,Salihorsk,52.7876,27.5415,35.67,62,86,6.38,BY,2022-04-17 18:49:41
236,Kavieng,-2.5744,150.7967,82.85,72,100,12.17,PG,2022-04-17 18:49:41
237,Byron Bay,-28.65,153.6167,64.29,87,99,7.36,AU,2022-04-17 18:47:31
238,Vestmannaeyjar,63.4427,-20.2734,43.63,69,34,7.7,IS,2022-04-17 18:47:56
239,Tiznit,29.5833,-9.5,77.5,20,100,5.97,MA,2022-04-17 18:49:41
240,Campo Alegre,-9.7819,-36.3508,84.92,60,76,13.71,BR,2022-04-17 18:49:42
241,Luanda,-8.8368,13.2343,80.6,83,75,14.97,AO,2022-04-17 18:48:43
242,Luwuk,-0.9516,122.7875,77.0,77,39,2.86,ID,2022-04-17 18:49:42
243,Ponta Do Sol,32.6667,-17.1,73.13,43,100,11.27,PT,2022-04-17 18:49:43
244,Hammerfest,70.6634,23.6821,41.45,93,75,5.75,NO,2022-04-17 18:49:43
245,Iqaluit,63.7506,-68.5145,-0.31,64,40,19.57,CA,2022-04-17 18:46:22
246,Hervey Bay,-25.2986,152.8535,64.02,90,31,11.01,AU,2022-04-17 18:49:43
247,Serendah,3.3646,101.6041,80.38,94,92,2.57,MY,2022-04-17 18:49:44
248,Laguna,38.421,-121.4238,68.77,50,0,3.44,US,2022-04-17 18:49:44
249,Aberdeen,57.1437,-2.0981,51.49,86,20,5.75,GB,2022-04-17 18:49:44
250,Lerwick,60.1545,-1.1494,48.2,89,100,15.35,GB,2022-04-17 18:49:45
251,Yerofey Pavlovich,53.9667,121.9667,27.28,57,100,0.18,RU,2022-04-17 18:49:45
252,Galesong,-5.3166,119.3661,77.02,85,100,4.94,ID,2022-04-17 18:49:45
253,Taoudenni,22.6783,-3.9836,83.73,19,0,12.1,ML,2022-04-17 18:46:24
254,Vostok,46.4856,135.8833,23.11,84,14,4.65,RU,2022-04-17 18:49:46
255,Candolim,15.5181,73.7626,81.73,69,5,4.54,IN,2022-04-17 18:49:46
256,Iquitos,-3.7481,-73.2472,82.44,83,75,3.44,PE,2022-04-17 18:49:46
257,Vidim,56.4088,103.1106,42.64,92,100,5.93,RU,2022-04-17 18:49:47
258,Amazar,53.858,120.875,28.15,78,100,2.13,RU,2022-04-17 18:49:47
259,Sant Julia De Loria,42.4625,1.4825,64.2,42,0,9.22,AD,2022-04-17 18:49:47
260,Fereydunshahr,32.941,50.121,42.55,36,0,4.74,IR,2022-04-17 18:49:48
261,Yellowknife,62.456,-114.3525,14.56,41,20,9.22,CA,2022-04-17 18:46:26
262,Kristiansund,63.1115,7.732,54.25,43,0,4.61,NO,2022-04-17 18:49:48
263,Dingle,10.9995,122.6711,76.03,89,53,7.34,PH,2022-04-17 18:46:29
264,Leon,21.1167,-101.6667,87.85,50,62,7.16,MX,2022-04-17 18:48:17
265,Souillac,-20.5167,57.5167,77.38,100,40,3.44,MU,2022-04-17 18:47:47
266,Asfi,32.2994,-9.2372,68.13,71,100,17.29,MA,2022-04-17 18:49:49
267,Mastic Beach,40.7668,-72.8521,52.05,35,75,17.27,US,2022-04-17 18:49:49
268,Mount Gambier,-37.8333,140.7667,55.31,94,100,14.97,AU,2022-04-17 18:49:49
269,Biak,-0.9131,122.8766,75.63,77,51,2.64,ID,2022-04-17 18:49:50
270,Kuito,-12.3833,16.9333,60.71,92,37,2.1,AO,2022-04-17 18:50:50
271,Aklavik,68.2191,-135.0107,15.8,45,75,11.5,CA,2022-04-17 18:50:50
272,Alassio,44.0039,8.1671,60.64,55,0,9.22,IT,2022-04-17 18:50:51
273,Pathankot,32.2833,75.65,78.06,27,5,6.82,IN,2022-04-17 18:50:51
274,Cururupu,-1.8283,-44.8683,82.33,80,98,4.63,BR,2022-04-17 18:47:23
275,Vangaindrano,-23.35,47.6,72.95,89,10,3.98,MG,2022-04-17 18:50:51
276,Broome,42.2506,-75.833,42.46,54,100,13.8,US,2022-04-17 18:46:51
277,Goma,-1.6792,29.2228,65.46,87,100,1.3,CD,2022-04-17 18:50:52
278,Constantine,36.365,6.6147,56.61,71,40,14.97,DZ,2022-04-17 18:47:41
279,Nuuk,64.1835,-51.7216,29.01,80,100,12.66,GL,2022-04-17 18:47:42
280,Manacapuru,-3.2997,-60.6206,83.89,72,100,0.38,BR,2022-04-17 18:50:52
281,Manzil Salim,35.8567,8.4765,51.3,70,1,11.36,TN,2022-04-17 18:50:52
282,Port Blair,11.6667,92.75,78.84,94,20,2.3,IN,2022-04-17 18:50:53
283,Ritchie,-29.038,24.6028,58.21,69,13,3.27,ZA,2022-04-17 18:50:53
284,Warrnambool,-38.3833,142.4833,59.81,92,100,6.22,AU,2022-04-17 18:50:53
285,Petatlan,17.5167,-101.2667,89.94,37,97,8.32,MX,2022-04-17 18:50:54
286,Ilhabela,-23.7781,-45.3581,71.76,69,67,4.16,BR,2022-04-17 18:50:54
287,Orlik,52.5178,99.825,29.48,79,79,3.38,RU,2022-04-17 18:50:54
288,Kaitangata,-46.2817,169.8464,42.28,92,6,4.05,NZ,2022-04-17 18:50:54
289,Kasumigaura,36.152,140.2361,52.03,93,75,0.0,JP,2022-04-17 18:50:55
290,Bandarbeyla,9.4942,50.8122,82.17,79,6,6.04,SO,2022-04-17 18:50:55
291,Grand-Lahou,5.1367,-5.0242,76.82,91,100,6.96,CI,2022-04-17 18:50:55
292,Luganville,-15.5333,167.1667,78.19,85,87,3.69,VU,2022-04-17 18:50:56
293,Port Elizabeth,-33.918,25.5701,65.32,99,20,9.22,ZA,2022-04-17 18:46:09
294,Omboue,-1.5746,9.2618,79.05,89,100,5.19,GA,2022-04-17 18:49:28
295,Honiara,-9.4333,159.95,76.82,84,97,5.26,SB,2022-04-17 18:50:56
296,Sassandra,4.95,-6.0833,75.45,89,100,4.59,CI,2022-04-17 18:50:56
297,Ugoofaaru,5.6667,73.0,84.42,74,100,10.85,MV,2022-04-17 18:46:32
298,Smithers,54.7804,-127.1743,41.32,36,20,4.61,CA,2022-04-17 18:50:57
299,Rapid Valley,44.0625,-103.1463,51.76,40,0,34.52,US,2022-04-17 18:50:34
300,Puerto Gaitan,4.3133,-72.0816,77.14,79,90,8.5,CO,2022-04-17 18:50:57
301,Jumla,29.2747,82.1838,50.02,58,4,3.74,NP,2022-04-17 18:50:58
302,Moerai,-22.4333,-151.3333,79.09,71,19,1.63,PF,2022-04-17 18:50:58
303,New Norfolk,-42.7826,147.0587,57.65,68,100,1.99,AU,2022-04-17 18:46:00
304,Fairbanks,64.8378,-147.7164,31.91,30,20,11.5,US,2022-04-17 18:50:03
305,Wuzhou,23.4833,111.3167,58.21,95,100,2.46,CN,2022-04-17 18:50:58
306,Mahebourg,-20.4081,57.7,77.29,100,40,3.44,MU,2022-04-17 18:50:59
307,Kaeo,-35.1,173.7833,66.33,97,100,17.05,NZ,2022-04-17 18:47:13
308,Bougouni,11.417,-7.479,88.05,31,98,5.79,ML,2022-04-17 18:50:59
309,Ahuimanu,21.4447,-157.8378,78.51,74,20,12.66,US,2022-04-17 18:50:59
310,Izmaylovo,53.7211,47.2458,46.83,92,64,3.44,RU,2022-04-17 18:48:21
311,Gazanjyk,39.2446,55.5154,56.17,77,99,6.11,TM,2022-04-17 18:51:00
312,Teya,60.3778,92.6267,31.08,89,100,10.09,RU,2022-04-17 18:51:00
313,Sandwick,60.0,-1.25,48.02,87,40,12.66,GB,2022-04-17 18:51:00
314,Burriana,39.889,-0.085,66.7,59,100,1.21,ES,2022-04-17 18:51:01
315,Linda,39.1277,-121.5508,71.47,48,0,5.75,US,2022-04-17 18:51:01
316,Wad Madani,14.4012,33.5199,98.87,22,100,6.91,SD,2022-04-17 18:51:01
317,Dunedin,-45.8742,170.5036,53.8,68,0,8.01,NZ,2022-04-17 18:51:02
318,Ebejico,6.326,-75.7683,85.35,54,83,2.73,CO,2022-04-17 18:51:02
319,Pingliang,35.5392,106.6861,42.39,46,0,12.08,CN,2022-04-17 18:52:02
320,Mogadishu,2.0371,45.3438,83.23,78,100,13.15,SO,2022-04-17 18:47:39
321,Szekesfehervar,47.1899,18.4103,48.7,53,66,3.67,HU,2022-04-17 18:52:03
322,Krasnaya Gorka,55.1962,56.6673,39.04,91,100,3.42,RU,2022-04-17 18:52:03
323,Kaili,-3.4626,120.2147,67.64,95,98,2.55,ID,2022-04-17 18:52:03
324,Atasu,48.6814,71.6433,59.92,22,52,7.96,KZ,2022-04-17 18:52:04
325,Bayonne,43.3333,-1.4167,57.07,88,100,13.8,FR,2022-04-17 18:52:04
326,Vila Velha,-20.3297,-40.2925,80.55,68,0,16.11,BR,2022-04-17 18:52:05
327,Asyut,27.181,31.1837,95.18,8,12,6.76,EG,2022-04-17 18:52:05
328,Axim,4.8699,-2.2405,79.41,85,89,10.98,GH,2022-04-17 18:52:05
329,Severo-Yeniseyskiy,60.3725,93.0408,28.58,92,100,11.52,RU,2022-04-17 18:52:06
330,Cabo San Lucas,22.8909,-109.9124,87.62,49,30,9.6,MX,2022-04-17 18:47:52
331,Ola,59.5833,151.2833,19.15,76,100,5.88,RU,2022-04-17 18:52:06
332,Karimganj,24.8667,92.35,70.84,85,0,2.53,IN,2022-04-17 18:52:07
333,Lida,53.8833,25.2997,36.59,65,90,6.08,BY,2022-04-17 18:52:07
334,Samagaltay,50.6022,95.0047,42.03,47,32,4.38,RU,2022-04-17 18:52:07
335,Hami,42.8,93.45,55.04,18,0,7.16,CN,2022-04-17 18:52:08
336,Dolzhanskaya,46.6311,37.8039,51.55,71,100,8.52,RU,2022-04-17 18:52:08
337,Cumana,10.4635,-64.1775,81.03,74,100,10.89,VE,2022-04-17 18:50:30
338,Poum,-20.2333,164.0167,77.88,66,60,7.0,NC,2022-04-17 18:52:08
339,Sao Filipe,14.8961,-24.4956,71.92,76,0,13.15,CV,2022-04-17 18:52:09
340,Mezen,65.8522,44.24,32.9,98,100,9.4,RU,2022-04-17 18:52:09
341,Grindavik,63.8424,-22.4338,44.55,65,75,10.36,IS,2022-04-17 18:52:09
342,Bilma,18.6853,12.9164,86.92,9,21,6.62,NE,2022-04-17 18:52:10
343,Imeni Poliny Osipenko,52.4201,136.4853,20.37,98,98,3.04,RU,2022-04-17 18:52:10
344,Camana,-16.6228,-72.7111,70.59,71,91,8.84,PE,2022-04-17 18:52:10
345,Fort Nelson,58.8053,-122.7002,13.59,62,100,11.5,CA,2022-04-17 18:52:11
346,Les Cayes,18.2,-73.75,82.89,65,98,13.6,HT,2022-04-17 18:47:16
347,Tibiri,13.5627,7.0485,95.34,16,0,0.0,NE,2022-04-17 18:52:11
348,Reconquista,-29.15,-59.65,73.17,48,6,4.36,AR,2022-04-17 18:52:11
349,Mildura,-34.2,142.15,66.16,77,75,10.36,AU,2022-04-17 18:52:12
350,Shu,43.5983,73.7614,62.01,34,16,6.22,KZ,2022-04-17 18:52:12
351,Bergama,39.1207,27.1805,53.35,90,100,9.55,TR,2022-04-17 18:52:12
352,Fuerte,17.5381,120.3644,79.02,70,18,6.26,PH,2022-04-17 18:52:13
353,Det Udom,14.906,105.0784,78.62,83,100,1.21,TH,2022-04-17 18:52:13
354,Whitehorse,60.7161,-135.0538,25.11,67,75,2.3,CA,2022-04-17 18:52:13
355,Caravelas,-17.7125,-39.2481,76.59,71,100,10.8,BR,2022-04-17 18:52:14
356,Pinawa,50.1489,-95.8811,29.82,89,100,8.46,CA,2022-04-17 18:52:14
357,Rocha,-34.4833,-54.3333,68.5,59,100,10.51,UY,2022-04-17 18:48:53
358,Merauke,-8.4667,140.3333,79.07,85,59,4.68,ID,2022-04-17 18:49:53
359,Boguchany,58.3814,97.4531,44.51,83,100,9.98,RU,2022-04-17 18:52:14
360,Conakry,9.538,-13.6773,80.67,69,20,9.22,GN,2022-04-17 18:51:40
361,Canberra,-35.2835,149.1281,48.67,97,100,0.0,AU,2022-04-17 18:52:15
362,Bobenheim-Roxheim,49.5875,8.3578,59.05,29,0,9.22,DE,2022-04-17 18:52:15
363,Cherskiy,68.75,161.3,6.48,94,100,4.74,RU,2022-04-17 18:52:15
364,Koungou,-12.7336,45.2042,80.31,78,0,5.75,YT,2022-04-17 18:52:16
365,Sioux Lookout,50.1001,-91.917,28.47,50,100,3.44,CA,2022-04-17 18:52:16
366,Walvis Bay,-22.9575,14.5053,59.95,77,3,4.61,NA,2022-04-17 18:53:16
367,Guerrero Negro,27.9769,-114.0611,68.92,56,58,19.26,MX,2022-04-17 18:53:17
368,Anadyr,64.75,177.4833,32.5,80,40,22.37,RU,2022-04-17 18:53:17
369,Brawley,32.9787,-115.5303,84.79,16,0,5.32,US,2022-04-17 18:53:17
370,Santiago De Chuco,-8.15,-78.1833,66.13,42,4,3.04,PE,2022-04-17 18:53:18
371,Boddam,57.4667,-1.7833,48.58,84,100,19.42,GB,2022-04-17 18:53:18
372,Bage,-31.3314,-54.1069,73.18,49,40,11.5,BR,2022-04-17 18:53:18
373,Goba,7.0167,39.9833,50.72,92,100,4.43,ET,2022-04-17 18:53:18
374,Bantry,51.6833,-9.45,49.78,80,7,13.6,IE,2022-04-17 18:53:19
375,Martapura,-3.4167,114.85,77.09,94,100,1.14,ID,2022-04-17 18:53:19
376,Alofi,-19.0595,-169.9187,73.29,94,46,2.3,NU,2022-04-17 18:53:19
377,Egvekinot,66.3167,-179.1667,23.31,90,99,10.85,RU,2022-04-17 18:53:20
378,Praia,14.9215,-23.5087,77.54,61,20,17.27,CV,2022-04-17 18:53:20
379,Sept-Iles,50.2001,-66.3821,38.05,81,100,4.61,CA,2022-04-17 18:51:30
380,Polunochnoye,60.8697,60.4153,20.53,91,10,4.43,RU,2022-04-17 18:53:20
381,Sterling,39.0062,-77.4286,58.24,39,40,17.0,US,2022-04-17 18:53:21
382,La Ronge,55.1001,-105.2842,34.02,43,75,4.61,CA,2022-04-17 18:53:21
383,Peniche,39.3558,-9.3811,61.29,87,58,20.89,PT,2022-04-17 18:53:21
384,Roura,4.7263,-52.3274,84.11,70,40,17.27,GF,2022-04-17 18:53:22
385,Road Town,18.4167,-64.6167,82.44,65,40,13.8,VG,2022-04-17 18:53:22
386,The Valley,18.217,-63.0578,82.81,74,40,20.71,AI,2022-04-17 18:53:22
387,Kayanza,-3.0667,29.6667,63.81,97,30,1.95,BI,2022-04-17 18:53:23
388,Mandurah,-32.55,115.7,50.92,70,0,8.32,AU,2022-04-17 18:53:23
389,Anito,12.4497,125.2886,78.13,79,44,8.01,PH,2022-04-17 18:53:24
390,Husavik,66.0449,-17.3389,40.51,97,100,2.26,IS,2022-04-17 18:53:24
391,Benjamin Constant,-4.3831,-70.0311,86.05,66,40,5.75,BR,2022-04-17 18:53:25
392,Sibu,2.3,111.8167,77.31,94,40,0.0,MY,2022-04-17 18:53:25
393,Codrington,-38.2667,141.9667,58.33,92,100,6.87,AU,2022-04-17 18:53:26
394,Hailar,49.2,119.7,34.79,33,100,8.75,CN,2022-04-17 18:53:26
395,San Rafael Del Sur,11.8485,-86.4384,92.37,32,90,3.98,NI,2022-04-17 18:53:26
396,Karratha,-20.7377,116.8463,84.69,40,14,4.03,AU,2022-04-17 18:53:27
397,Krasnoye,49.9145,24.6134,33.69,80,82,3.96,UA,2022-04-17 18:53:27
398,Henties Bay,-22.116,14.2845,62.55,77,1,7.45,NA,2022-04-17 18:53:27
399,Calmar,53.2668,-113.8187,35.71,69,75,4.61,CA,2022-04-17 18:53:28
400,Quelimane,-17.8786,36.8883,76.08,80,66,4.76,MZ,2022-04-17 18:53:28
401,Salinopolis,-0.6136,-47.3561,80.98,83,100,9.13,BR,2022-04-17 18:53:28
402,Nizhniye Sergi,56.6614,59.3033,32.99,93,100,4.07,RU,2022-04-17 18:53:28
403,Hachinohe,40.5,141.5,40.91,80,10,5.7,JP,2022-04-17 18:53:29
404,Aktau,43.65,51.2,52.38,69,0,6.93,KZ,2022-04-17 18:53:29
405,Aojiang,22.9421,116.0359,66.38,79,100,8.81,CN,2022-04-17 18:53:29
406,Kedrovyy,56.1667,91.8167,55.81,94,100,5.26,RU,2022-04-17 18:53:30
407,Chima,30.6854,76.0863,82.4,16,17,4.76,IN,2022-04-17 18:53:30
408,Cayenne,4.9333,-52.3333,84.24,11,40,17.27,GF,2022-04-17 18:53:30
409,Pimentel,-6.8367,-79.9342,75.49,60,0,16.11,PE,2022-04-17 18:53:31
410,Juneau,58.3019,-134.4197,42.84,70,100,1.99,US,2022-04-17 18:53:31
411,Semirom,31.4167,51.5667,46.15,31,1,5.53,IR,2022-04-17 18:53:31
412,Port Said,31.2565,32.2841,73.38,56,0,9.22,EG,2022-04-17 18:54:32
413,Berdigestyakh,62.0989,126.6992,21.09,87,100,8.86,RU,2022-04-17 18:54:32
414,Plainview,40.7765,-73.4673,51.6,35,100,11.01,US,2022-04-17 18:54:32
415,Margate,51.3813,1.3862,58.3,72,100,1.99,GB,2022-04-17 18:51:18
416,Turan,16.0678,108.2208,76.98,88,20,1.14,VN,2022-04-17 18:50:58
417,Berlevag,70.8578,29.0864,41.0,93,100,18.41,NO,2022-04-17 18:54:33
418,Eureka,40.8021,-124.1637,56.19,66,100,5.99,US,2022-04-17 18:54:33
419,Itoman,26.1247,127.6694,65.17,72,0,0.0,JP,2022-04-17 18:54:33
420,Louis Trichardt,-23.0439,29.9032,57.02,96,100,7.02,ZA,2022-04-17 18:54:34
421,Skagen,57.7209,10.5839,44.78,73,7,7.27,DK,2022-04-17 18:54:34
422,Temple,31.0982,-97.3428,77.9,74,100,5.91,US,2022-04-17 18:52:23
423,Soroti,1.7146,33.6111,69.35,74,98,6.55,UG,2022-04-17 18:54:34
424,Govindgarh,27.5,76.9833,88.3,12,6,5.46,IN,2022-04-17 18:54:35
425,Anloga,5.7947,0.8973,83.19,78,100,14.47,GH,2022-04-17 18:54:35
426,Camacha,33.0833,-16.3333,62.02,77,40,14.97,PT,2022-04-17 18:54:35
427,Canutama,-6.5339,-64.3831,82.27,88,100,1.92,BR,2022-04-17 18:54:35
428,Tres Picos,15.8667,-93.5333,91.67,54,11,10.07,MX,2022-04-17 18:54:36
429,Ostrovnoy,68.0531,39.5131,33.64,91,100,15.99,RU,2022-04-17 18:53:45
430,Japura,-0.3167,102.35,74.21,99,88,2.37,ID,2022-04-17 18:54:36
431,Port Augusta,-32.5,137.7667,64.98,76,100,18.41,AU,2022-04-17 18:54:37
432,Palu,-0.8917,119.8707,76.03,93,81,2.57,ID,2022-04-17 18:54:37
433,Hohhot,40.8106,111.6522,41.29,93,40,2.24,CN,2022-04-17 18:54:37
434,Las Cruces,32.3123,-106.7783,82.35,6,0,15.99,US,2022-04-17 18:52:59
435,Vila,42.0304,-8.1588,58.08,78,4,5.57,PT,2022-04-17 18:54:38
436,Oxelosund,58.6706,17.1015,44.98,61,0,5.75,SE,2022-04-17 18:54:38
437,Srednekolymsk,67.45,153.6833,5.16,97,99,5.5,RU,2022-04-17 18:54:38
438,Ajdabiya,30.7554,20.2263,62.37,84,22,16.49,LY,2022-04-17 18:53:12
439,Maridi,4.9158,29.4742,73.15,67,84,0.92,SS,2022-04-17 18:54:39
440,Svobodnyy,51.4,128.1333,31.46,65,3,6.17,RU,2022-04-17 18:54:39
441,Sola,-13.8833,167.55,81.63,73,99,4.68,VU,2022-04-17 18:54:39
442,Broken Hill,-31.95,141.4333,74.91,29,40,12.66,AU,2022-04-17 18:54:39
443,Talara,-4.5772,-81.2719,84.96,48,0,17.27,PE,2022-04-17 18:54:40
444,Djambala,-2.5447,14.7533,73.54,82,100,2.86,CG,2022-04-17 18:54:40
445,Bathsheba,13.2167,-59.5167,84.81,61,75,21.85,BB,2022-04-17 18:54:40
446,Lorengau,-2.0226,147.2712,81.27,81,41,7.31,PG,2022-04-17 18:54:41
447,Krasnoselkup,65.7,82.4667,4.26,95,75,10.4,RU,2022-04-17 18:54:41
448,Bataipora,-22.2953,-53.2711,75.99,50,6,6.2,BR,2022-04-17 18:54:41
449,Pundaguitan,6.3711,126.1689,80.31,78,100,4.38,PH,2022-04-17 18:54:42
450,Wetaskiwin,52.9668,-113.3687,33.67,55,100,3.58,CA,2022-04-17 18:54:42
451,Tazovskiy,67.4667,78.7,13.35,94,100,13.96,RU,2022-04-17 18:54:42
452,La Asuncion,11.0333,-63.8628,73.13,100,100,20.71,VE,2022-04-17 18:51:30
453,Snyder,32.7179,-100.9176,84.09,12,0,14.97,US,2022-04-17 18:54:43
454,Qui Nhon,13.7667,109.2333,74.8,91,90,6.02,VN,2022-04-17 18:54:43
455,Florianopolis,-27.6146,-48.5012,72.55,63,100,5.75,BR,2022-04-17 18:52:22
456,Turukhansk,65.8167,87.9833,4.44,94,99,11.16,RU,2022-04-17 18:54:43
457,Mareeba,-17.0,145.4333,70.52,93,93,1.92,AU,2022-04-17 18:54:44
458,Utiel,39.5667,-1.2,59.76,64,100,6.96,ES,2022-04-17 18:54:44
459,Chapais,49.7834,-74.8492,28.18,74,100,13.8,CA,2022-04-17 18:55:44
460,Maltahohe,-24.8333,16.9833,67.86,19,2,4.65,NA,2022-04-17 18:55:45
461,Tsabong,-26.0217,22.401,66.58,76,58,8.37,BW,2022-04-17 18:55:45
462,Nouakchott,18.0858,-15.9785,67.93,78,98,19.98,MR,2022-04-17 18:53:45
463,Bardiyah,31.7561,25.0865,62.92,75,0,18.57,LY,2022-04-17 18:55:45
464,Davidson,36.1501,-86.7833,61.32,47,75,9.22,US,2022-04-17 18:52:42
465,Taunggyi,20.7833,97.0333,67.08,55,13,4.54,MM,2022-04-17 18:55:46
466,Nishihara,26.1842,127.7558,64.45,72,0,0.0,JP,2022-04-17 18:55:46
467,Waw,7.7029,27.9953,90.59,35,97,3.51,SS,2022-04-17 18:55:46
468,Manta,-0.95,-80.7333,85.78,66,40,4.61,EC,2022-04-17 18:55:47
469,Camargo,27.6667,-105.1667,86.99,6,79,8.86,MX,2022-04-17 18:55:47
470,Iquique,-20.2208,-70.1431,66.87,72,8,6.24,CL,2022-04-17 18:55:47
471,Champerico,14.3,-91.9167,95.54,62,75,12.97,GT,2022-04-17 18:55:48
472,Leningradskiy,69.3833,178.4167,3.38,93,56,3.0,RU,2022-04-17 18:55:48
473,Morwell,-38.2333,146.4,61.39,99,100,1.68,AU,2022-04-17 18:55:17
474,Callaway,30.153,-85.5699,81.97,67,20,6.91,US,2022-04-17 18:55:48
475,Kukuna,9.4,-12.6667,85.15,47,16,11.65,SL,2022-04-17 18:55:49
476,Port Lincoln,-34.7333,135.8667,61.07,74,98,9.17,AU,2022-04-17 18:55:49
477,Mweka,-4.85,21.5667,74.32,85,93,0.11,CD,2022-04-17 18:55:49
478,Alice Springs,-23.7,133.8833,72.95,32,40,9.22,AU,2022-04-17 18:51:37
479,Eldoret,0.5204,35.2699,59.09,94,75,6.91,KE,2022-04-17 18:55:50
480,Puri,19.8,85.85,81.12,88,92,19.62,IN,2022-04-17 18:55:50
481,Tall Kayf,37.0833,41.0667,67.39,42,75,5.08,TR,2022-04-17 18:55:50
482,Maningrida,-12.0667,134.2667,74.43,91,100,8.28,AU,2022-04-17 18:55:51
483,Litovko,49.2361,135.1742,30.52,97,100,3.02,RU,2022-04-17 18:55:51
484,Narsaq,60.9167,-46.05,32.83,77,100,4.54,GL,2022-04-17 18:55:51
485,Dunmore East,52.1514,-6.9861,51.69,78,40,10.36,IE,2022-04-17 18:55:51
486,Petropavlovsk-Kamchatskiy,53.0452,158.6483,21.79,80,0,4.47,RU,2022-04-17 18:55:52
487,Wattegama,6.7989,81.4808,74.61,94,18,2.89,LK,2022-04-17 18:55:52
488,Kathmandu,27.7167,85.3167,64.62,42,20,2.3,NP,2022-04-17 18:50:59
489,Bengkulu,-3.8004,102.2655,75.97,93,88,4.27,ID,2022-04-17 18:54:35
490,Novikovo,51.1537,37.8879,47.28,89,100,9.8,RU,2022-04-17 18:55:52
491,Matara,5.9485,80.5353,79.36,85,94,5.41,LK,2022-04-17 18:55:53
492,Talnakh,69.4865,88.3972,6.21,97,100,6.6,RU,2022-04-17 18:55:53
493,Zhaotong,27.3167,103.7167,38.08,96,100,4.99,CN,2022-04-17 18:55:53
494,Kamina,-8.7386,24.9906,65.66,95,30,2.86,CD,2022-04-17 18:55:54
495,Akhmim,26.5622,31.745,93.4,10,100,4.68,EG,2022-04-17 18:55:54
496,Oranjemund,-28.55,16.4333,62.13,69,0,9.37,NA,2022-04-17 18:55:54
497,Pisco,-13.7,-76.2167,70.02,77,0,12.66,PE,2022-04-17 18:52:28
498,Padang,-0.9492,100.3543,78.15,91,79,3.83,ID,2022-04-17 18:55:55
499,Rio Grande,-32.035,-52.0986,78.91,63,100,11.72,BR,2022-04-17 18:55:55
500,Soyo,-6.1349,12.3689,78.76,91,39,7.47,AO,2022-04-17 18:55:55
501,Kloulklubed,7.0419,134.2556,82.27,72,94,1.12,PW,2022-04-17 18:55:56
502,Karatau,43.1667,70.4667,64.71,44,50,3.65,KZ,2022-04-17 18:55:56
503,Mwingi,-0.9344,38.0601,70.48,81,100,7.27,KE,2022-04-17 18:55:56
504,Turayf,31.6725,38.6637,75.45,12,0,5.75,SA,2022-04-17 18:55:57
505,Hofn,64.2539,-15.2082,45.97,85,11,7.78,IS,2022-04-17 18:55:57
506,Esperance,-33.8667,121.9,51.64,63,80,11.5,AU,2022-04-17 18:56:57
507,Lazaro Cardenas,17.9583,-102.2,83.82,53,100,10.18,MX,2022-04-17 18:56:57
508,Ketou,7.3633,2.5998,81.66,76,100,6.31,BJ,2022-04-17 18:56:58
509,Eyl,7.9803,49.8164,83.05,78,71,7.58,SO,2022-04-17 18:56:58
510,Datong,40.0936,113.2914,42.76,80,100,2.71,CN,2022-04-17 18:56:59
511,Miles City,46.4083,-105.8406,31.17,69,75,23.02,US,2022-04-17 18:56:59
512,Lewiston,44.1003,-70.2148,48.54,43,75,21.85,US,2022-04-17 18:52:32
513,Soto La Marina,23.7667,-98.2167,102.4,23,0,18.43,MX,2022-04-17 18:56:59
514,Mindelo,16.8901,-24.9804,74.75,57,20,18.41,CV,2022-04-17 18:57:00
515,Butembo,0.15,29.2833,57.34,92,21,3.6,CD,2022-04-17 18:57:00
516,Moussoro,13.6408,16.4901,93.63,22,0,10.47,TD,2022-04-17 18:57:00
517,Plouzane,48.3833,-4.6167,57.52,85,20,6.91,FR,2022-04-17 18:57:01
518,Copiapo,-27.3667,-70.3333,80.78,27,0,7.87,CL,2022-04-17 18:57:01
519,Lebowakgomo,-24.2,29.5,58.1,90,88,3.6,ZA,2022-04-17 18:57:01
520,Dakar,14.6937,-17.4441,74.28,78,75,21.85,SN,2022-04-17 18:55:17
521,Lisakovsk,52.5369,62.4936,47.44,61,100,7.14,KZ,2022-04-17 18:57:02
522,Palana,59.1167,159.9667,13.62,94,100,5.75,RU,2022-04-17 18:57:02
523,Tiptur,13.2586,76.4783,75.47,63,70,7.7,IN,2022-04-17 18:57:02
524,Contai,21.7786,87.7536,80.91,85,5,19.39,IN,2022-04-17 18:57:02
525,Lompoc,34.6391,-120.4579,64.62,71,40,14.97,US,2022-04-17 18:54:59
526,Itaituba,-4.2761,-55.9836,86.16,79,20,5.75,BR,2022-04-17 18:57:03
527,Chopovychi,50.8332,28.9533,32.52,84,12,6.35,UA,2022-04-17 18:57:03
528,Farafangana,-22.8167,47.8333,75.11,84,14,5.23,MG,2022-04-17 18:57:04
529,Abu Kamal,34.4506,40.9171,73.0,18,100,2.55,SY,2022-04-17 18:57:04
530,Verkhoyansk,67.5447,133.385,-7.37,99,48,1.74,RU,2022-04-17 18:57:04
531,Dali,25.7,100.1833,56.01,64,100,4.59,CN,2022-04-17 18:57:05
532,Dzhebariki-Khaya,62.2167,135.8,5.59,97,99,1.43,RU,2022-04-17 18:57:05
533,Vardo,70.3705,31.1107,35.58,93,75,9.22,NO,2022-04-17 18:57:05
534,Kondinskoye,59.6481,67.41,21.4,92,28,5.5,RU,2022-04-17 18:57:05
535,Redwater,33.3582,-94.2544,59.0,93,100,3.87,US,2022-04-17 18:57:06
536,Evensk,61.95,159.2333,23.09,83,100,7.2,RU,2022-04-17 18:57:06
537,Huarmey,-10.0681,-78.1522,72.84,71,3,11.81,PE,2022-04-17 18:57:06
538,Ouargaye,11.5033,0.0572,96.98,11,100,16.31,BF,2022-04-17 18:57:07
539,Meadow Lake,34.8014,-106.5436,73.71,12,0,10.25,US,2022-04-17 18:57:07
540,Demirci,39.0461,28.6589,52.32,75,35,4.29,TR,2022-04-17 18:57:07
541,Chokwe,-24.5333,32.9833,66.29,96,100,9.4,MZ,2022-04-17 18:57:08
542,Baillif,16.0202,-61.7463,85.5,63,100,16.17,GP,2022-04-17 18:57:08
543,Shahrud,36.4182,54.9763,46.11,64,4,11.61,IR,2022-04-17 18:57:08
544,Black River,18.0264,-77.8487,84.2,63,26,10.83,JM,2022-04-17 18:57:09
545,Tamandare,-8.7597,-35.1047,81.3,79,22,7.11,BR,2022-04-17 18:57:09
546,Kant,27.8,79.8,86.13,11,15,2.39,IN,2022-04-17 18:54:08
547,Qaqortoq,60.7167,-46.0333,31.62,80,100,3.62,GL,2022-04-17 18:57:09
548,Bereda,43.2686,-7.5406,56.41,85,0,5.48,ES,2022-04-17 18:57:10
549,Matay,28.419,30.7792,91.44,8,98,10.18,EG,2022-04-17 18:57:10
550,Numan,9.4667,12.0333,86.36,50,97,7.54,NG,2022-04-17 18:57:10
551,Ballesteros,18.4126,121.5152,75.58,86,61,11.27,PH,2022-04-17 18:57:10
552,Dasuya,31.8183,75.6597,80.13,21,78,5.48,IN,2022-04-17 18:57:11
553,Havoysund,70.9963,24.6622,41.23,95,100,25.28,NO,2022-04-17 18:58:11
554,Saint-Pierre,-21.3393,55.4781,76.68,89,75,11.5,RE,2022-04-17 18:58:11
555,Oksfjord,70.2396,22.3479,42.01,99,100,7.87,NO,2022-04-17 18:58:12
556,Christchurch,-43.5333,172.6333,54.91,83,24,7.0,NZ,2022-04-17 18:58:12
557,Puerto Leguizamo,-0.1934,-74.7819,81.03,86,93,1.03,CO,2022-04-17 18:58:12
558,Tayu,-6.5397,111.0518,79.74,86,79,1.43,ID,2022-04-17 18:58:13
559,Los Llanos De Aridane,28.6585,-17.9182,65.95,83,0,14.97,ES,2022-04-17 18:58:13
560,Sibolga,1.7427,98.7792,77.79,89,95,3.44,ID,2022-04-17 18:58:13
561,Yar-Sale,66.8333,70.8333,10.74,94,100,8.03,RU,2022-04-17 18:58:14
562,Maxixe,-23.8597,35.3472,72.28,93,100,6.17,MZ,2022-04-17 18:58:14
